sanctuary,nms,lyr,val,var,time
Florida Keys,FKNMS,analysed_sst|1985-10-23 12:00:00,27.543838572549635,analysed_sst,1985-10-23T12:00:00Z
Florida Keys,FKNMS,analysed_sst|1985-10-24 12:00:00,27.550649430067164,analysed_sst,1985-10-24T12:00:00Z
Florida Keys,FKNMS,analysed_sst|1985-10-25 12:00:00,27.481573369887183,analysed_sst,1985-10-25T12:00:00Z
Florida Keys,FKNMS,analysed_sst|1985-10-26 12:00:00,27.388808111217692,analysed_sst,1985-10-26T12:00:00Z
Florida Keys,FKNMS,analysed_sst|1985-10-27 12:00:00,27.39898995983791,analysed_sst,1985-10-27T12:00:00Z
Florida Keys,FKNMS,analysed_sst|1985-10-28 12:00:00,27.374125382376356,analysed_sst,1985-10-28T12:00:00Z
Florida Keys,FKNMS,analysed_sst|1985-10-29 12:00:00,27.49952667672357,analysed_sst,1985-10-29T12:00:00Z
Florida Keys,FKNMS,analysed_sst|1985-10-30 12:00:00,27.58233442212017,analysed_sst,1985-10-30T12:00:00Z
Florida Keys,FKNMS,analysed_sst|1985-10-31 12:00:00,27.68927350371112,analysed_sst,1985-10-31T12:00:00Z
Florida Keys,FKNMS,analysed_sst|1985-11-01 12:00:00,27.7674988008771,analysed_sst,1985-11-01T12:00:00Z
Florida Keys,FKNMS,analysed_sst|1985-11-02 12:00:00,27.769124272959857,analysed_sst,1985-11-02T12:00:00Z
Florida Keys,FKNMS,analysed_sst|1985-11-03 12:00:00,27.757292716692195,analysed_sst,1985-11-03T12:00:00Z
Florida Keys,FKNMS,analysed_sst|1985-11-04 12:00:00,26.919231455677895,analysed_sst,1985-11-04T12:00:00Z
Florida Keys,FKNMS,analysed_sst|1985-11-05 12:00:00,26.666557534631412,analysed_sst,1985-11-05T12:00:00Z
Florida Keys,FKNMS,analysed_sst|1985-11-06 12:00:00,26.61130457057784,analysed_sst,1985-11-06T12:00:00Z
Florida Keys,FKNMS,analysed_sst|1985-11-07 12:00:00,26.43030454973304,analysed_sst,1985-11-07T12:00:00Z
Florida Keys,FKNMS,analysed_sst|1985-11-08 12:00:00,26.08037677099768,analysed_sst,1985-11-08T12:00:00Z
Florida Keys,FKNMS,analysed_sst|1985-11-09 12:00:00,26.218645894965636,analysed_sst,1985-11-09T12:00:00Z
Florida Keys,FKNMS,analysed_sst|1985-11-10 12:00:00,25.92372202335457,analysed_sst,1985-11-10T12:00:00Z
Florida Keys,FKNMS,analysed_sst|1985-11-11 12:00:00,26.098587541224997,analysed_sst,1985-11-11T12:00:00Z
Florida Keys,FKNMS,analysed_sst|1985-11-12 12:00:00,26.020568083571842,analysed_sst,1985-11-12T12:00:00Z
Florida Keys,FKNMS,analysed_sst|1985-11-13 12:00:00,26.057963131405103,analysed_sst,1985-11-13T12:00:00Z
Florida Keys,FKNMS,analysed_sst|1985-11-14 12:00:00,26.02179891958852,analysed_sst,1985-11-14T12:00:00Z
Florida Keys,FKNMS,analysed_sst|1985-11-15 12:00:00,26.011496199246125,analysed_sst,1985-11-15T12:00:00Z
Florida Keys,FKNMS,analysed_sst|1985-11-16 12:00:00,25.844447717946327,analysed_sst,1985-11-16T12:00:00Z
Florida Keys,FKNMS,analysed_sst|1985-11-17 12:00:00,25.47241998124371,analysed_sst,1985-11-17T12:00:00Z
Florida Keys,FKNMS,analysed_sst|1985-11-18 12:00:00,25.606191680304782,analysed_sst,1985-11-18T12:00:00Z
Florida Keys,FKNMS,analysed_sst|1985-11-19 12:00:00,25.822982762262008,analysed_sst,1985-11-19T12:00:00Z
Florida Keys,FKNMS,analysed_sst|1985-11-20 12:00:00,25.579046302570475,analysed_sst,1985-11-20T12:00:00Z
Florida Keys,FKNMS,analysed_sst|1985-11-21 12:00:00,25.694052181449944,analysed_sst,1985-11-21T12:00:00Z
Florida Keys,FKNMS,analysed_sst|1985-11-22 12:00:00,25.532903145723786,analysed_sst,1985-11-22T12:00:00Z
Florida Keys,FKNMS,analysed_sst|1985-11-23 12:00:00,25.888727228815885,analysed_sst,1985-11-23T12:00:00Z
Florida Keys,FKNMS,analysed_sst|1985-11-24 12:00:00,25.982014944363303,analysed_sst,1985-11-24T12:00:00Z
Florida Keys,FKNMS,analysed_sst|1985-11-25 12:00:00,26.05707092818417,analysed_sst,1985-11-25T12:00:00Z
Florida Keys,FKNMS,analysed_sst|1985-11-26 12:00:00,25.926282551450804,analysed_sst,1985-11-26T12:00:00Z
Florida Keys,FKNMS,analysed_sst|1985-11-27 12:00:00,25.589498511888664,analysed_sst,1985-11-27T12:00:00Z
Florida Keys,FKNMS,analysed_sst|1985-11-28 12:00:00,25.622922587398467,analysed_sst,1985-11-28T12:00:00Z
Florida Keys,FKNMS,analysed_sst|1985-11-29 12:00:00,25.65418949441545,analysed_sst,1985-11-29T12:00:00Z
Florida Keys,FKNMS,analysed_sst|1985-11-30 12:00:00,25.852662191345964,analysed_sst,1985-11-30T12:00:00Z
Florida Keys,FKNMS,analysed_sst|1985-12-01 12:00:00,25.93895081930661,analysed_sst,1985-12-01T12:00:00Z
Florida Keys,FKNMS,analysed_sst|1985-12-02 12:00:00,25.907036464159003,analysed_sst,1985-12-02T12:00:00Z
Florida Keys,FKNMS,analysed_sst|1985-12-03 12:00:00,25.66801138385532,analysed_sst,1985-12-03T12:00:00Z
Florida Keys,FKNMS,analysed_sst|1985-12-04 12:00:00,25.78157772534185,analysed_sst,1985-12-04T12:00:00Z
Florida Keys,FKNMS,analysed_sst|1985-12-05 12:00:00,25.678623345654803,analysed_sst,1985-12-05T12:00:00Z
Florida Keys,FKNMS,analysed_sst|1985-12-06 12:00:00,25.701939667001746,analysed_sst,1985-12-06T12:00:00Z
Florida Keys,FKNMS,analysed_sst|1985-12-07 12:00:00,25.66999889397571,analysed_sst,1985-12-07T12:00:00Z
Florida Keys,FKNMS,analysed_sst|1985-12-08 12:00:00,25.64245689188918,analysed_sst,1985-12-08T12:00:00Z
Florida Keys,FKNMS,analysed_sst|1985-12-09 12:00:00,25.32579960491203,analysed_sst,1985-12-09T12:00:00Z
Florida Keys,FKNMS,analysed_sst|1985-12-10 12:00:00,25.48820419946533,analysed_sst,1985-12-10T12:00:00Z
Florida Keys,FKNMS,analysed_sst|1985-12-11 12:00:00,25.479491066044933,analysed_sst,1985-12-11T12:00:00Z
Florida Keys,FKNMS,analysed_sst|1985-12-12 12:00:00,25.44899499279091,analysed_sst,1985-12-12T12:00:00Z
Florida Keys,FKNMS,analysed_sst|1985-12-13 12:00:00,25.102674704251605,analysed_sst,1985-12-13T12:00:00Z
Florida Keys,FKNMS,analysed_sst|1985-12-14 12:00:00,24.989350472564553,analysed_sst,1985-12-14T12:00:00Z
Florida Keys,FKNMS,analysed_sst|1985-12-15 12:00:00,25.08385051153244,analysed_sst,1985-12-15T12:00:00Z
Florida Keys,FKNMS,analysed_sst|1985-12-16 12:00:00,24.10456875537327,analysed_sst,1985-12-16T12:00:00Z
Florida Keys,FKNMS,analysed_sst|1985-12-17 12:00:00,23.56088541477382,analysed_sst,1985-12-17T12:00:00Z
Florida Keys,FKNMS,analysed_sst|1985-12-18 12:00:00,23.652135472049533,analysed_sst,1985-12-18T12:00:00Z
Florida Keys,FKNMS,analysed_sst|1985-12-19 12:00:00,23.626423059984873,analysed_sst,1985-12-19T12:00:00Z
Florida Keys,FKNMS,analysed_sst|1985-12-20 12:00:00,23.816130061203516,analysed_sst,1985-12-20T12:00:00Z
Florida Keys,FKNMS,analysed_sst|1985-01-01 12:00:00,24.74623446481621,analysed_sst,1985-01-01T12:00:00Z
Florida Keys,FKNMS,analysed_sst|1985-01-02 12:00:00,24.62433127691024,analysed_sst,1985-01-02T12:00:00Z
Florida Keys,FKNMS,analysed_sst|1985-01-03 12:00:00,24.580599821668088,analysed_sst,1985-01-03T12:00:00Z
Florida Keys,FKNMS,analysed_sst|1985-01-04 12:00:00,23.91630216106311,analysed_sst,1985-01-04T12:00:00Z
Florida Keys,FKNMS,analysed_sst|1985-01-05 12:00:00,23.594000095222714,analysed_sst,1985-01-05T12:00:00Z
Florida Keys,FKNMS,analysed_sst|1985-01-06 12:00:00,23.602760620179975,analysed_sst,1985-01-06T12:00:00Z
Florida Keys,FKNMS,analysed_sst|1985-01-07 12:00:00,23.202530783208587,analysed_sst,1985-01-07T12:00:00Z
Florida Keys,FKNMS,analysed_sst|1985-01-08 12:00:00,23.100790236981233,analysed_sst,1985-01-08T12:00:00Z
Florida Keys,FKNMS,analysed_sst|1985-01-09 12:00:00,22.8458583171256,analysed_sst,1985-01-09T12:00:00Z
Florida Keys,FKNMS,analysed_sst|1985-01-10 12:00:00,22.808449308610104,analysed_sst,1985-01-10T12:00:00Z
Florida Keys,FKNMS,analysed_sst|1985-01-11 12:00:00,23.095229478354582,analysed_sst,1985-01-11T12:00:00Z
Florida Keys,FKNMS,analysed_sst|1985-01-12 12:00:00,22.937232646243004,analysed_sst,1985-01-12T12:00:00Z
Florida Keys,FKNMS,analysed_sst|1985-01-13 12:00:00,22.829744123115375,analysed_sst,1985-01-13T12:00:00Z
Florida Keys,FKNMS,analysed_sst|1985-01-14 12:00:00,22.700016607619187,analysed_sst,1985-01-14T12:00:00Z
Florida Keys,FKNMS,analysed_sst|1985-01-15 12:00:00,22.925743537338068,analysed_sst,1985-01-15T12:00:00Z
Florida Keys,FKNMS,analysed_sst|1985-01-16 12:00:00,23.60107390840603,analysed_sst,1985-01-16T12:00:00Z
Florida Keys,FKNMS,analysed_sst|1985-01-17 12:00:00,23.292799323704724,analysed_sst,1985-01-17T12:00:00Z
Florida Keys,FKNMS,analysed_sst|1985-01-18 12:00:00,23.04560597242966,analysed_sst,1985-01-18T12:00:00Z
Florida Keys,FKNMS,analysed_sst|1985-01-19 12:00:00,23.00086895147489,analysed_sst,1985-01-19T12:00:00Z
Florida Keys,FKNMS,analysed_sst|1985-01-20 12:00:00,22.948888727550607,analysed_sst,1985-01-20T12:00:00Z
Florida Keys,FKNMS,analysed_sst|1985-01-21 12:00:00,22.840074346063158,analysed_sst,1985-01-21T12:00:00Z
Florida Keys,FKNMS,analysed_sst|1985-01-22 12:00:00,22.422523396461617,analysed_sst,1985-01-22T12:00:00Z
Florida Keys,FKNMS,analysed_sst|1985-01-23 12:00:00,22.213892024909615,analysed_sst,1985-01-23T12:00:00Z
Florida Keys,FKNMS,analysed_sst|1985-01-24 12:00:00,22.495054551669785,analysed_sst,1985-01-24T12:00:00Z
Florida Keys,FKNMS,analysed_sst|1985-01-25 12:00:00,22.5172973453376,analysed_sst,1985-01-25T12:00:00Z
Florida Keys,FKNMS,analysed_sst|1985-01-26 12:00:00,22.57020733512194,analysed_sst,1985-01-26T12:00:00Z
Florida Keys,FKNMS,analysed_sst|1985-01-27 12:00:00,22.39861185646953,analysed_sst,1985-01-27T12:00:00Z
Florida Keys,FKNMS,analysed_sst|1985-01-28 12:00:00,22.71914261752377,analysed_sst,1985-01-28T12:00:00Z
Florida Keys,FKNMS,analysed_sst|1985-01-29 12:00:00,22.57972967431114,analysed_sst,1985-01-29T12:00:00Z
Florida Keys,FKNMS,analysed_sst|1985-01-30 12:00:00,22.483713876131862,analysed_sst,1985-01-30T12:00:00Z
Florida Keys,FKNMS,analysed_sst|1985-01-31 12:00:00,22.38729481779651,analysed_sst,1985-01-31T12:00:00Z
Florida Keys,FKNMS,analysed_sst|1985-02-01 12:00:00,22.88254095399163,analysed_sst,1985-02-01T12:00:00Z
Florida Keys,FKNMS,analysed_sst|1985-02-02 12:00:00,22.843716428409095,analysed_sst,1985-02-02T12:00:00Z
Florida Keys,FKNMS,analysed_sst|1985-02-03 12:00:00,23.16708178505838,analysed_sst,1985-02-03T12:00:00Z
Florida Keys,FKNMS,analysed_sst|1985-02-04 12:00:00,23.20902826564315,analysed_sst,1985-02-04T12:00:00Z
Florida Keys,FKNMS,analysed_sst|1985-02-05 12:00:00,23.37815600154154,analysed_sst,1985-02-05T12:00:00Z
Florida Keys,FKNMS,analysed_sst|1985-02-06 12:00:00,23.409610005028807,analysed_sst,1985-02-06T12:00:00Z
Florida Keys,FKNMS,analysed_sst|1985-02-07 12:00:00,23.3997065310829,analysed_sst,1985-02-07T12:00:00Z
Florida Keys,FKNMS,analysed_sst|1985-02-08 12:00:00,23.24237205093308,analysed_sst,1985-02-08T12:00:00Z
Florida Keys,FKNMS,analysed_sst|1985-02-09 12:00:00,22.982097024545364,analysed_sst,1985-02-09T12:00:00Z
Florida Keys,FKNMS,analysed_sst|1985-02-10 12:00:00,22.780020087042516,analysed_sst,1985-02-10T12:00:00Z
Florida Keys,FKNMS,analysed_sst|1985-02-11 12:00:00,22.64803017049698,analysed_sst,1985-02-11T12:00:00Z
Florida Keys,FKNMS,analysed_sst|1985-02-12 12:00:00,22.345350742882342,analysed_sst,1985-02-12T12:00:00Z
Florida Keys,FKNMS,analysed_sst|1985-02-13 12:00:00,22.386021260373496,analysed_sst,1985-02-13T12:00:00Z
Florida Keys,FKNMS,analysed_sst|1985-02-14 12:00:00,23.106053382682095,analysed_sst,1985-02-14T12:00:00Z
Florida Keys,FKNMS,analysed_sst|1985-02-15 12:00:00,22.958838480498788,analysed_sst,1985-02-15T12:00:00Z
Florida Keys,FKNMS,analysed_sst|1985-02-16 12:00:00,23.057849243882035,analysed_sst,1985-02-16T12:00:00Z
Florida Keys,FKNMS,analysed_sst|1985-02-17 12:00:00,22.752395136549264,analysed_sst,1985-02-17T12:00:00Z
Florida Keys,FKNMS,analysed_sst|1985-02-18 12:00:00,22.41947228684865,analysed_sst,1985-02-18T12:00:00Z
Florida Keys,FKNMS,analysed_sst|1985-02-19 12:00:00,21.97469497862292,analysed_sst,1985-02-19T12:00:00Z
Florida Keys,FKNMS,analysed_sst|1985-02-20 12:00:00,22.060298711115976,analysed_sst,1985-02-20T12:00:00Z
Florida Keys,FKNMS,analysed_sst|1985-02-21 12:00:00,22.476855367519075,analysed_sst,1985-02-21T12:00:00Z
Florida Keys,FKNMS,analysed_sst|1985-02-22 12:00:00,22.92478090743248,analysed_sst,1985-02-22T12:00:00Z
Florida Keys,FKNMS,analysed_sst|1985-02-23 12:00:00,23.344373093010848,analysed_sst,1985-02-23T12:00:00Z
Florida Keys,FKNMS,analysed_sst|1985-02-24 12:00:00,23.42422692512372,analysed_sst,1985-02-24T12:00:00Z
Florida Keys,FKNMS,analysed_sst|1985-02-25 12:00:00,23.65119152396259,analysed_sst,1985-02-25T12:00:00Z
Florida Keys,FKNMS,analysed_sst|1985-02-26 12:00:00,23.62810051024631,analysed_sst,1985-02-26T12:00:00Z
Florida Keys,FKNMS,analysed_sst|1985-02-27 12:00:00,23.52015299588876,analysed_sst,1985-02-27T12:00:00Z
Florida Keys,FKNMS,analysed_sst|1985-02-28 12:00:00,23.908591842641258,analysed_sst,1985-02-28T12:00:00Z
Florida Keys,FKNMS,analysed_sst|1985-08-25 12:00:00,28.921469891407163,analysed_sst,1985-08-25T12:00:00Z
Florida Keys,FKNMS,analysed_sst|1985-08-26 12:00:00,29.624242870844697,analysed_sst,1985-08-26T12:00:00Z
Florida Keys,FKNMS,analysed_sst|1985-08-27 12:00:00,29.422112150049323,analysed_sst,1985-08-27T12:00:00Z
Florida Keys,FKNMS,analysed_sst|1985-08-28 12:00:00,29.35331783143396,analysed_sst,1985-08-28T12:00:00Z
Florida Keys,FKNMS,analysed_sst|1985-08-29 12:00:00,28.50502063893698,analysed_sst,1985-08-29T12:00:00Z
Florida Keys,FKNMS,analysed_sst|1985-08-30 12:00:00,28.74513235785891,analysed_sst,1985-08-30T12:00:00Z
Florida Keys,FKNMS,analysed_sst|1985-08-31 12:00:00,28.66066075688594,analysed_sst,1985-08-31T12:00:00Z
Florida Keys,FKNMS,analysed_sst|1985-09-01 12:00:00,28.576667687926175,analysed_sst,1985-09-01T12:00:00Z
Florida Keys,FKNMS,analysed_sst|1985-09-02 12:00:00,28.53425706917297,analysed_sst,1985-09-02T12:00:00Z
Florida Keys,FKNMS,analysed_sst|1985-09-03 12:00:00,29.104569473385922,analysed_sst,1985-09-03T12:00:00Z
Florida Keys,FKNMS,analysed_sst|1985-09-04 12:00:00,29.08428000917712,analysed_sst,1985-09-04T12:00:00Z
Florida Keys,FKNMS,analysed_sst|1985-09-05 12:00:00,29.08480893931572,analysed_sst,1985-09-05T12:00:00Z
Florida Keys,FKNMS,analysed_sst|1985-09-06 12:00:00,28.98378715181956,analysed_sst,1985-09-06T12:00:00Z
Florida Keys,FKNMS,analysed_sst|1985-09-07 12:00:00,28.980881201321296,analysed_sst,1985-09-07T12:00:00Z
Florida Keys,FKNMS,analysed_sst|1985-09-08 12:00:00,28.801313264946735,analysed_sst,1985-09-08T12:00:00Z
Florida Keys,FKNMS,analysed_sst|1985-09-09 12:00:00,28.95577478408371,analysed_sst,1985-09-09T12:00:00Z
Florida Keys,FKNMS,analysed_sst|1985-09-10 12:00:00,28.79079021696214,analysed_sst,1985-09-10T12:00:00Z
Florida Keys,FKNMS,analysed_sst|1985-09-11 12:00:00,28.767598737349726,analysed_sst,1985-09-11T12:00:00Z
Florida Keys,FKNMS,analysed_sst|1985-09-12 12:00:00,28.867644494078803,analysed_sst,1985-09-12T12:00:00Z
Florida Keys,FKNMS,analysed_sst|1985-09-13 12:00:00,28.401896915383354,analysed_sst,1985-09-13T12:00:00Z
Florida Keys,FKNMS,analysed_sst|1985-09-14 12:00:00,28.13381220669682,analysed_sst,1985-09-14T12:00:00Z
Florida Keys,FKNMS,analysed_sst|1985-09-15 12:00:00,27.9053650682795,analysed_sst,1985-09-15T12:00:00Z
Florida Keys,FKNMS,analysed_sst|1985-09-16 12:00:00,27.6684124872641,analysed_sst,1985-09-16T12:00:00Z
Florida Keys,FKNMS,analysed_sst|1985-09-17 12:00:00,27.61413654291757,analysed_sst,1985-09-17T12:00:00Z
Florida Keys,FKNMS,analysed_sst|1985-09-18 12:00:00,27.537143795046315,analysed_sst,1985-09-18T12:00:00Z
Florida Keys,FKNMS,analysed_sst|1985-09-19 12:00:00,27.517658964709394,analysed_sst,1985-09-19T12:00:00Z
Florida Keys,FKNMS,analysed_sst|1985-09-20 12:00:00,27.762646368531243,analysed_sst,1985-09-20T12:00:00Z
Florida Keys,FKNMS,analysed_sst|1985-09-21 12:00:00,27.881407527744532,analysed_sst,1985-09-21T12:00:00Z
Florida Keys,FKNMS,analysed_sst|1985-09-22 12:00:00,28.468980241860677,analysed_sst,1985-09-22T12:00:00Z
Florida Keys,FKNMS,analysed_sst|1985-09-23 12:00:00,28.316027006916986,analysed_sst,1985-09-23T12:00:00Z
Florida Keys,FKNMS,analysed_sst|1985-09-24 12:00:00,28.513118144845485,analysed_sst,1985-09-24T12:00:00Z
Florida Keys,FKNMS,analysed_sst|1985-09-25 12:00:00,28.44370310964485,analysed_sst,1985-09-25T12:00:00Z
Florida Keys,FKNMS,analysed_sst|1985-09-26 12:00:00,28.237750521663433,analysed_sst,1985-09-26T12:00:00Z
Florida Keys,FKNMS,analysed_sst|1985-09-27 12:00:00,28.094962167812334,analysed_sst,1985-09-27T12:00:00Z
Florida Keys,FKNMS,analysed_sst|1985-09-28 12:00:00,28.103933802965784,analysed_sst,1985-09-28T12:00:00Z
Florida Keys,FKNMS,analysed_sst|1985-09-29 12:00:00,28.240777046242883,analysed_sst,1985-09-29T12:00:00Z
Florida Keys,FKNMS,analysed_sst|1985-09-30 12:00:00,28.032535357314227,analysed_sst,1985-09-30T12:00:00Z
Florida Keys,FKNMS,analysed_sst|1985-10-01 12:00:00,28.357993960085707,analysed_sst,1985-10-01T12:00:00Z
Florida Keys,FKNMS,analysed_sst|1985-10-02 12:00:00,28.325617971041524,analysed_sst,1985-10-02T12:00:00Z
Florida Keys,FKNMS,analysed_sst|1985-10-03 12:00:00,28.346405921540708,analysed_sst,1985-10-03T12:00:00Z
Florida Keys,FKNMS,analysed_sst|1985-10-04 12:00:00,28.306347456748778,analysed_sst,1985-10-04T12:00:00Z
Florida Keys,FKNMS,analysed_sst|1985-10-05 12:00:00,28.309834481795914,analysed_sst,1985-10-05T12:00:00Z
Florida Keys,FKNMS,analysed_sst|1985-10-06 12:00:00,28.06972573688047,analysed_sst,1985-10-06T12:00:00Z
Florida Keys,FKNMS,analysed_sst|1985-10-07 12:00:00,27.87193093460998,analysed_sst,1985-10-07T12:00:00Z
Florida Keys,FKNMS,analysed_sst|1985-10-08 12:00:00,27.855128518241685,analysed_sst,1985-10-08T12:00:00Z
Florida Keys,FKNMS,analysed_sst|1985-10-09 12:00:00,27.687532563402897,analysed_sst,1985-10-09T12:00:00Z
Florida Keys,FKNMS,analysed_sst|1985-10-10 12:00:00,27.794335253185317,analysed_sst,1985-10-10T12:00:00Z
Florida Keys,FKNMS,analysed_sst|1985-10-11 12:00:00,27.938193379199497,analysed_sst,1985-10-11T12:00:00Z
Florida Keys,FKNMS,analysed_sst|1985-10-12 12:00:00,28.326354451984916,analysed_sst,1985-10-12T12:00:00Z
Florida Keys,FKNMS,analysed_sst|1985-10-13 12:00:00,28.51266597014748,analysed_sst,1985-10-13T12:00:00Z
Florida Keys,FKNMS,analysed_sst|1985-10-14 12:00:00,28.381733401306068,analysed_sst,1985-10-14T12:00:00Z
Florida Keys,FKNMS,analysed_sst|1985-10-15 12:00:00,28.229991455822336,analysed_sst,1985-10-15T12:00:00Z
Florida Keys,FKNMS,analysed_sst|1985-10-16 12:00:00,28.00720941031056,analysed_sst,1985-10-16T12:00:00Z
Florida Keys,FKNMS,analysed_sst|1985-10-17 12:00:00,28.073934722733565,analysed_sst,1985-10-17T12:00:00Z
Florida Keys,FKNMS,analysed_sst|1985-10-18 12:00:00,27.99458848262914,analysed_sst,1985-10-18T12:00:00Z
Florida Keys,FKNMS,analysed_sst|1985-10-19 12:00:00,27.787674173562,analysed_sst,1985-10-19T12:00:00Z
Florida Keys,FKNMS,analysed_sst|1985-10-20 12:00:00,27.77491686789348,analysed_sst,1985-10-20T12:00:00Z
Florida Keys,FKNMS,analysed_sst|1985-10-21 12:00:00,27.52338794535079,analysed_sst,1985-10-21T12:00:00Z
Florida Keys,FKNMS,analysed_sst|1985-10-22 12:00:00,27.613704353860545,analysed_sst,1985-10-22T12:00:00Z
Florida Keys,FKNMS,analysed_sst|1985-04-29 12:00:00,25.14337834791287,analysed_sst,1985-04-29T12:00:00Z
Florida Keys,FKNMS,analysed_sst|1985-04-30 12:00:00,25.295429343429763,analysed_sst,1985-04-30T12:00:00Z
Florida Keys,FKNMS,analysed_sst|1985-05-01 12:00:00,25.437172634508258,analysed_sst,1985-05-01T12:00:00Z
Florida Keys,FKNMS,analysed_sst|1985-05-02 12:00:00,25.532421017776972,analysed_sst,1985-05-02T12:00:00Z
Florida Keys,FKNMS,analysed_sst|1985-05-03 12:00:00,25.63067855661841,analysed_sst,1985-05-03T12:00:00Z
Florida Keys,FKNMS,analysed_sst|1985-05-04 12:00:00,26.073149964219112,analysed_sst,1985-05-04T12:00:00Z
Florida Keys,FKNMS,analysed_sst|1985-05-05 12:00:00,26.010962575430195,analysed_sst,1985-05-05T12:00:00Z
Florida Keys,FKNMS,analysed_sst|1985-05-06 12:00:00,25.907530361788552,analysed_sst,1985-05-06T12:00:00Z
Florida Keys,FKNMS,analysed_sst|1985-05-07 12:00:00,26.021065155576668,analysed_sst,1985-05-07T12:00:00Z
Florida Keys,FKNMS,analysed_sst|1985-05-08 12:00:00,26.169874659849224,analysed_sst,1985-05-08T12:00:00Z
Florida Keys,FKNMS,analysed_sst|1985-05-09 12:00:00,26.348347138656674,analysed_sst,1985-05-09T12:00:00Z
Florida Keys,FKNMS,analysed_sst|1985-05-10 12:00:00,26.482335618293924,analysed_sst,1985-05-10T12:00:00Z
Florida Keys,FKNMS,analysed_sst|1985-05-11 12:00:00,26.606357570642732,analysed_sst,1985-05-11T12:00:00Z
Florida Keys,FKNMS,analysed_sst|1985-05-12 12:00:00,26.158017261882527,analysed_sst,1985-05-12T12:00:00Z
Florida Keys,FKNMS,analysed_sst|1985-05-13 12:00:00,26.59740861037006,analysed_sst,1985-05-13T12:00:00Z
Florida Keys,FKNMS,analysed_sst|1985-05-14 12:00:00,27.00012557015076,analysed_sst,1985-05-14T12:00:00Z
Florida Keys,FKNMS,analysed_sst|1985-05-15 12:00:00,27.09012691484793,analysed_sst,1985-05-15T12:00:00Z
Florida Keys,FKNMS,analysed_sst|1985-05-16 12:00:00,27.150042910170338,analysed_sst,1985-05-16T12:00:00Z
Florida Keys,FKNMS,analysed_sst|1985-05-17 12:00:00,27.10895265900798,analysed_sst,1985-05-17T12:00:00Z
Florida Keys,FKNMS,analysed_sst|1985-05-18 12:00:00,27.027872273001044,analysed_sst,1985-05-18T12:00:00Z
Florida Keys,FKNMS,analysed_sst|1985-05-19 12:00:00,27.102829859426752,analysed_sst,1985-05-19T12:00:00Z
Florida Keys,FKNMS,analysed_sst|1985-05-20 12:00:00,27.433401617278946,analysed_sst,1985-05-20T12:00:00Z
Florida Keys,FKNMS,analysed_sst|1985-05-21 12:00:00,27.572874081023762,analysed_sst,1985-05-21T12:00:00Z
Florida Keys,FKNMS,analysed_sst|1985-05-22 12:00:00,27.655300253261228,analysed_sst,1985-05-22T12:00:00Z
Florida Keys,FKNMS,analysed_sst|1985-05-23 12:00:00,27.82944472115411,analysed_sst,1985-05-23T12:00:00Z
Florida Keys,FKNMS,analysed_sst|1985-05-24 12:00:00,28.059330238830267,analysed_sst,1985-05-24T12:00:00Z
Florida Keys,FKNMS,analysed_sst|1985-05-25 12:00:00,27.927002430683114,analysed_sst,1985-05-25T12:00:00Z
Florida Keys,FKNMS,analysed_sst|1985-05-26 12:00:00,27.943122285937736,analysed_sst,1985-05-26T12:00:00Z
Florida Keys,FKNMS,analysed_sst|1985-05-27 12:00:00,27.826757084722395,analysed_sst,1985-05-27T12:00:00Z
Florida Keys,FKNMS,analysed_sst|1985-05-28 12:00:00,27.761205609878022,analysed_sst,1985-05-28T12:00:00Z
Florida Keys,FKNMS,analysed_sst|1985-05-29 12:00:00,27.721357156901142,analysed_sst,1985-05-29T12:00:00Z
Florida Keys,FKNMS,analysed_sst|1985-05-30 12:00:00,27.87131536447155,analysed_sst,1985-05-30T12:00:00Z
Florida Keys,FKNMS,analysed_sst|1985-05-31 12:00:00,27.854586600109776,analysed_sst,1985-05-31T12:00:00Z
Florida Keys,FKNMS,analysed_sst|1985-06-01 12:00:00,28.37966274531809,analysed_sst,1985-06-01T12:00:00Z
Florida Keys,FKNMS,analysed_sst|1985-06-02 12:00:00,28.155050491476295,analysed_sst,1985-06-02T12:00:00Z
Florida Keys,FKNMS,analysed_sst|1985-06-03 12:00:00,28.128805169982336,analysed_sst,1985-06-03T12:00:00Z
Florida Keys,FKNMS,analysed_sst|1985-06-04 12:00:00,27.971291321452146,analysed_sst,1985-06-04T12:00:00Z
Florida Keys,FKNMS,analysed_sst|1985-06-05 12:00:00,28.370631438285123,analysed_sst,1985-06-05T12:00:00Z
Florida Keys,FKNMS,analysed_sst|1985-06-06 12:00:00,28.28236480403149,analysed_sst,1985-06-06T12:00:00Z
Florida Keys,FKNMS,analysed_sst|1985-06-07 12:00:00,28.545091810624477,analysed_sst,1985-06-07T12:00:00Z
Florida Keys,FKNMS,analysed_sst|1985-06-08 12:00:00,28.74052448048689,analysed_sst,1985-06-08T12:00:00Z
Florida Keys,FKNMS,analysed_sst|1985-06-09 12:00:00,28.75145465025289,analysed_sst,1985-06-09T12:00:00Z
Florida Keys,FKNMS,analysed_sst|1985-06-10 12:00:00,28.95908144269087,analysed_sst,1985-06-10T12:00:00Z
Florida Keys,FKNMS,analysed_sst|1985-06-11 12:00:00,28.807548589879577,analysed_sst,1985-06-11T12:00:00Z
Florida Keys,FKNMS,analysed_sst|1985-06-12 12:00:00,29.10744442276484,analysed_sst,1985-06-12T12:00:00Z
Florida Keys,FKNMS,analysed_sst|1985-06-13 12:00:00,28.90225373148434,analysed_sst,1985-06-13T12:00:00Z
Florida Keys,FKNMS,analysed_sst|1985-06-14 12:00:00,28.831367627673295,analysed_sst,1985-06-14T12:00:00Z
Florida Keys,FKNMS,analysed_sst|1985-06-15 12:00:00,28.682661864973213,analysed_sst,1985-06-15T12:00:00Z
Florida Keys,FKNMS,analysed_sst|1985-06-16 12:00:00,28.59849814739456,analysed_sst,1985-06-16T12:00:00Z
Florida Keys,FKNMS,analysed_sst|1985-06-17 12:00:00,28.540895582041667,analysed_sst,1985-06-17T12:00:00Z
Florida Keys,FKNMS,analysed_sst|1985-06-18 12:00:00,28.781814868308846,analysed_sst,1985-06-18T12:00:00Z
Florida Keys,FKNMS,analysed_sst|1985-06-19 12:00:00,28.744795447642023,analysed_sst,1985-06-19T12:00:00Z
Florida Keys,FKNMS,analysed_sst|1985-06-20 12:00:00,29.258297111376915,analysed_sst,1985-06-20T12:00:00Z
Florida Keys,FKNMS,analysed_sst|1985-06-21 12:00:00,28.978712222529488,analysed_sst,1985-06-21T12:00:00Z
Florida Keys,FKNMS,analysed_sst|1985-06-22 12:00:00,28.961912872489897,analysed_sst,1985-06-22T12:00:00Z
Florida Keys,FKNMS,analysed_sst|1985-06-23 12:00:00,28.942175455217964,analysed_sst,1985-06-23T12:00:00Z
Florida Keys,FKNMS,analysed_sst|1985-06-24 12:00:00,28.9228925913653,analysed_sst,1985-06-24T12:00:00Z
Florida Keys,FKNMS,analysed_sst|1985-06-25 12:00:00,28.841115523215347,analysed_sst,1985-06-25T12:00:00Z
Florida Keys,FKNMS,analysed_sst|1985-06-26 12:00:00,29.08721830511678,analysed_sst,1985-06-26T12:00:00Z
Florida Keys,FKNMS,analysed_sst|1985-06-27 12:00:00,29.327839145373062,analysed_sst,1985-06-27T12:00:00Z
Florida Keys,FKNMS,analysed_sst|1985-06-28 12:00:00,29.258964673348142,analysed_sst,1985-06-28T12:00:00Z
Florida Keys,FKNMS,analysed_sst|1985-06-29 12:00:00,29.495063015052086,analysed_sst,1985-06-29T12:00:00Z
Florida Keys,FKNMS,analysed_sst|1985-06-30 12:00:00,29.251619149904485,analysed_sst,1985-06-30T12:00:00Z
Florida Keys,FKNMS,analysed_sst|1985-07-01 12:00:00,28.7557988264566,analysed_sst,1985-07-01T12:00:00Z
Florida Keys,FKNMS,analysed_sst|1985-07-02 12:00:00,28.627794468921792,analysed_sst,1985-07-02T12:00:00Z
Florida Keys,FKNMS,analysed_sst|1985-07-03 12:00:00,28.517772576479103,analysed_sst,1985-07-03T12:00:00Z
Florida Keys,FKNMS,analysed_sst|1985-07-04 12:00:00,28.5955777217188,analysed_sst,1985-07-04T12:00:00Z
Florida Keys,FKNMS,analysed_sst|1985-07-05 12:00:00,28.63377077052127,analysed_sst,1985-07-05T12:00:00Z
Florida Keys,FKNMS,analysed_sst|1985-07-06 12:00:00,29.037733587687775,analysed_sst,1985-07-06T12:00:00Z
Florida Keys,FKNMS,analysed_sst|1985-07-07 12:00:00,29.139232361443824,analysed_sst,1985-07-07T12:00:00Z
Florida Keys,FKNMS,analysed_sst|1985-07-08 12:00:00,28.73149393595335,analysed_sst,1985-07-08T12:00:00Z
Florida Keys,FKNMS,analysed_sst|1985-07-09 12:00:00,29.13897263351889,analysed_sst,1985-07-09T12:00:00Z
Florida Keys,FKNMS,analysed_sst|1985-07-10 12:00:00,29.200708583802466,analysed_sst,1985-07-10T12:00:00Z
Florida Keys,FKNMS,analysed_sst|1985-07-11 12:00:00,29.387966329795127,analysed_sst,1985-07-11T12:00:00Z
Florida Keys,FKNMS,analysed_sst|1985-07-12 12:00:00,29.804748569481028,analysed_sst,1985-07-12T12:00:00Z
Florida Keys,FKNMS,analysed_sst|1985-07-13 12:00:00,29.734477599509326,analysed_sst,1985-07-13T12:00:00Z
Florida Keys,FKNMS,analysed_sst|1985-07-14 12:00:00,29.640396751897494,analysed_sst,1985-07-14T12:00:00Z
Florida Keys,FKNMS,analysed_sst|1985-07-15 12:00:00,29.599511452996662,analysed_sst,1985-07-15T12:00:00Z
Florida Keys,FKNMS,analysed_sst|1985-07-16 12:00:00,29.46616165765411,analysed_sst,1985-07-16T12:00:00Z
Florida Keys,FKNMS,analysed_sst|1985-07-17 12:00:00,29.126438906614975,analysed_sst,1985-07-17T12:00:00Z
Florida Keys,FKNMS,analysed_sst|1985-07-18 12:00:00,29.22896211128633,analysed_sst,1985-07-18T12:00:00Z
Florida Keys,FKNMS,analysed_sst|1985-07-19 12:00:00,29.778257867865108,analysed_sst,1985-07-19T12:00:00Z
Florida Keys,FKNMS,analysed_sst|1985-07-20 12:00:00,29.396667020323797,analysed_sst,1985-07-20T12:00:00Z
Florida Keys,FKNMS,analysed_sst|1985-07-21 12:00:00,29.273965400084172,analysed_sst,1985-07-21T12:00:00Z
Florida Keys,FKNMS,analysed_sst|1985-07-22 12:00:00,28.883539174908588,analysed_sst,1985-07-22T12:00:00Z
Florida Keys,FKNMS,analysed_sst|1985-07-23 12:00:00,28.48167026504847,analysed_sst,1985-07-23T12:00:00Z
Florida Keys,FKNMS,analysed_sst|1985-07-24 12:00:00,27.714822584633616,analysed_sst,1985-07-24T12:00:00Z
Florida Keys,FKNMS,analysed_sst|1985-07-25 12:00:00,27.722279244141834,analysed_sst,1985-07-25T12:00:00Z
Florida Keys,FKNMS,analysed_sst|1985-07-26 12:00:00,27.816271569609995,analysed_sst,1985-07-26T12:00:00Z
Florida Keys,FKNMS,analysed_sst|1985-07-27 12:00:00,28.53090792020018,analysed_sst,1985-07-27T12:00:00Z
Florida Keys,FKNMS,analysed_sst|1985-07-28 12:00:00,28.52541424255848,analysed_sst,1985-07-28T12:00:00Z
Florida Keys,FKNMS,analysed_sst|1985-07-29 12:00:00,28.741891947145184,analysed_sst,1985-07-29T12:00:00Z
Florida Keys,FKNMS,analysed_sst|1985-07-30 12:00:00,28.8626134863033,analysed_sst,1985-07-30T12:00:00Z
Florida Keys,FKNMS,analysed_sst|1985-07-31 12:00:00,29.025108530234565,analysed_sst,1985-07-31T12:00:00Z
Florida Keys,FKNMS,analysed_sst|1985-08-01 12:00:00,29.446791728128414,analysed_sst,1985-08-01T12:00:00Z
Florida Keys,FKNMS,analysed_sst|1985-08-02 12:00:00,29.48496773486448,analysed_sst,1985-08-02T12:00:00Z
Florida Keys,FKNMS,analysed_sst|1985-08-03 12:00:00,29.599943278483927,analysed_sst,1985-08-03T12:00:00Z
Florida Keys,FKNMS,analysed_sst|1985-08-04 12:00:00,29.636661331107906,analysed_sst,1985-08-04T12:00:00Z
Florida Keys,FKNMS,analysed_sst|1985-08-05 12:00:00,29.542671034989535,analysed_sst,1985-08-05T12:00:00Z
Florida Keys,FKNMS,analysed_sst|1985-08-06 12:00:00,29.67071570442641,analysed_sst,1985-08-06T12:00:00Z
Florida Keys,FKNMS,analysed_sst|1985-08-07 12:00:00,29.551255097195966,analysed_sst,1985-08-07T12:00:00Z
Florida Keys,FKNMS,analysed_sst|1985-08-08 12:00:00,29.55612309458507,analysed_sst,1985-08-08T12:00:00Z
Florida Keys,FKNMS,analysed_sst|1985-08-09 12:00:00,30.08854721895888,analysed_sst,1985-08-09T12:00:00Z
Florida Keys,FKNMS,analysed_sst|1985-08-10 12:00:00,30.198074371341026,analysed_sst,1985-08-10T12:00:00Z
Florida Keys,FKNMS,analysed_sst|1985-08-11 12:00:00,30.069522042649407,analysed_sst,1985-08-11T12:00:00Z
Florida Keys,FKNMS,analysed_sst|1985-08-12 12:00:00,29.927598890535215,analysed_sst,1985-08-12T12:00:00Z
Florida Keys,FKNMS,analysed_sst|1985-08-13 12:00:00,29.76925397695855,analysed_sst,1985-08-13T12:00:00Z
Florida Keys,FKNMS,analysed_sst|1985-08-14 12:00:00,29.68731216909733,analysed_sst,1985-08-14T12:00:00Z
Florida Keys,FKNMS,analysed_sst|1985-08-15 12:00:00,29.724969602138366,analysed_sst,1985-08-15T12:00:00Z
Florida Keys,FKNMS,analysed_sst|1985-08-16 12:00:00,30.2344534516587,analysed_sst,1985-08-16T12:00:00Z
Florida Keys,FKNMS,analysed_sst|1985-08-17 12:00:00,29.98173560870982,analysed_sst,1985-08-17T12:00:00Z
Florida Keys,FKNMS,analysed_sst|1985-08-18 12:00:00,29.808390712459815,analysed_sst,1985-08-18T12:00:00Z
Florida Keys,FKNMS,analysed_sst|1985-08-19 12:00:00,29.802390868435385,analysed_sst,1985-08-19T12:00:00Z
Florida Keys,FKNMS,analysed_sst|1985-08-20 12:00:00,29.94102564453319,analysed_sst,1985-08-20T12:00:00Z
Florida Keys,FKNMS,analysed_sst|1985-08-21 12:00:00,29.843455392667448,analysed_sst,1985-08-21T12:00:00Z
Florida Keys,FKNMS,analysed_sst|1985-08-22 12:00:00,29.1505345526991,analysed_sst,1985-08-22T12:00:00Z
Florida Keys,FKNMS,analysed_sst|1985-08-23 12:00:00,28.949392413951696,analysed_sst,1985-08-23T12:00:00Z
Florida Keys,FKNMS,analysed_sst|1985-08-24 12:00:00,29.331800160118526,analysed_sst,1985-08-24T12:00:00Z
Florida Keys,FKNMS,analysed_sst|1985-03-01 12:00:00,23.892568579589494,analysed_sst,1985-03-01T12:00:00Z
Florida Keys,FKNMS,analysed_sst|1985-03-02 12:00:00,23.863050215369853,analysed_sst,1985-03-02T12:00:00Z
Florida Keys,FKNMS,analysed_sst|1985-03-03 12:00:00,24.10943107610447,analysed_sst,1985-03-03T12:00:00Z
Florida Keys,FKNMS,analysed_sst|1985-03-04 12:00:00,24.102859562485314,analysed_sst,1985-03-04T12:00:00Z
Florida Keys,FKNMS,analysed_sst|1985-03-05 12:00:00,24.17769820287596,analysed_sst,1985-03-05T12:00:00Z
Florida Keys,FKNMS,analysed_sst|1985-03-06 12:00:00,24.199661674967086,analysed_sst,1985-03-06T12:00:00Z
Florida Keys,FKNMS,analysed_sst|1985-03-07 12:00:00,24.08316131831994,analysed_sst,1985-03-07T12:00:00Z
Florida Keys,FKNMS,analysed_sst|1985-03-08 12:00:00,23.67904351087607,analysed_sst,1985-03-08T12:00:00Z
Florida Keys,FKNMS,analysed_sst|1985-03-09 12:00:00,23.533535148560127,analysed_sst,1985-03-09T12:00:00Z
Florida Keys,FKNMS,analysed_sst|1985-03-10 12:00:00,23.60167533335297,analysed_sst,1985-03-10T12:00:00Z
Florida Keys,FKNMS,analysed_sst|1985-03-11 12:00:00,24.094817341145507,analysed_sst,1985-03-11T12:00:00Z
Florida Keys,FKNMS,analysed_sst|1985-03-12 12:00:00,24.020043065874493,analysed_sst,1985-03-12T12:00:00Z
Florida Keys,FKNMS,analysed_sst|1985-03-13 12:00:00,24.087332668468644,analysed_sst,1985-03-13T12:00:00Z
Florida Keys,FKNMS,analysed_sst|1985-03-14 12:00:00,24.739304420475943,analysed_sst,1985-03-14T12:00:00Z
Florida Keys,FKNMS,analysed_sst|1985-03-15 12:00:00,24.86643165854498,analysed_sst,1985-03-15T12:00:00Z
Florida Keys,FKNMS,analysed_sst|1985-03-16 12:00:00,24.756793944849434,analysed_sst,1985-03-16T12:00:00Z
Florida Keys,FKNMS,analysed_sst|1985-03-17 12:00:00,24.62698119474897,analysed_sst,1985-03-17T12:00:00Z
Florida Keys,FKNMS,analysed_sst|1985-03-18 12:00:00,24.653198223987012,analysed_sst,1985-03-18T12:00:00Z
Florida Keys,FKNMS,analysed_sst|1985-03-19 12:00:00,24.22620520234818,analysed_sst,1985-03-19T12:00:00Z
Florida Keys,FKNMS,analysed_sst|1985-03-20 12:00:00,23.796614808359504,analysed_sst,1985-03-20T12:00:00Z
Florida Keys,FKNMS,analysed_sst|1985-03-21 12:00:00,23.883700936317986,analysed_sst,1985-03-21T12:00:00Z
Florida Keys,FKNMS,analysed_sst|1985-03-22 12:00:00,24.030126110177587,analysed_sst,1985-03-22T12:00:00Z
Florida Keys,FKNMS,analysed_sst|1985-03-23 12:00:00,24.152840743698114,analysed_sst,1985-03-23T12:00:00Z
Florida Keys,FKNMS,analysed_sst|1985-03-24 12:00:00,24.108136665660044,analysed_sst,1985-03-24T12:00:00Z
Florida Keys,FKNMS,analysed_sst|1985-03-25 12:00:00,24.061639484507268,analysed_sst,1985-03-25T12:00:00Z
Florida Keys,FKNMS,analysed_sst|1985-03-26 12:00:00,23.886383937793546,analysed_sst,1985-03-26T12:00:00Z
Florida Keys,FKNMS,analysed_sst|1985-03-27 12:00:00,23.83071369333103,analysed_sst,1985-03-27T12:00:00Z
Florida Keys,FKNMS,analysed_sst|1985-03-28 12:00:00,23.464142204219556,analysed_sst,1985-03-28T12:00:00Z
Florida Keys,FKNMS,analysed_sst|1985-03-29 12:00:00,23.549644562174706,analysed_sst,1985-03-29T12:00:00Z
Florida Keys,FKNMS,analysed_sst|1985-03-30 12:00:00,23.596739554742385,analysed_sst,1985-03-30T12:00:00Z
Florida Keys,FKNMS,analysed_sst|1985-03-31 12:00:00,24.19754365694074,analysed_sst,1985-03-31T12:00:00Z
Florida Keys,FKNMS,analysed_sst|1985-04-01 12:00:00,24.319178637987875,analysed_sst,1985-04-01T12:00:00Z
Florida Keys,FKNMS,analysed_sst|1985-04-02 12:00:00,23.930181500618403,analysed_sst,1985-04-02T12:00:00Z
Florida Keys,FKNMS,analysed_sst|1985-04-03 12:00:00,23.265154131854658,analysed_sst,1985-04-03T12:00:00Z
Florida Keys,FKNMS,analysed_sst|1985-04-04 12:00:00,23.49393827609707,analysed_sst,1985-04-04T12:00:00Z
Florida Keys,FKNMS,analysed_sst|1985-04-05 12:00:00,23.6300927601591,analysed_sst,1985-04-05T12:00:00Z
Florida Keys,FKNMS,analysed_sst|1985-04-06 12:00:00,24.086077205400205,analysed_sst,1985-04-06T12:00:00Z
Florida Keys,FKNMS,analysed_sst|1985-04-07 12:00:00,23.958652871697712,analysed_sst,1985-04-07T12:00:00Z
Florida Keys,FKNMS,analysed_sst|1985-04-08 12:00:00,24.118784515356374,analysed_sst,1985-04-08T12:00:00Z
Florida Keys,FKNMS,analysed_sst|1985-04-09 12:00:00,24.192913479380085,analysed_sst,1985-04-09T12:00:00Z
Florida Keys,FKNMS,analysed_sst|1985-04-10 12:00:00,23.93628221546088,analysed_sst,1985-04-10T12:00:00Z
Florida Keys,FKNMS,analysed_sst|1985-04-11 12:00:00,23.711559723467683,analysed_sst,1985-04-11T12:00:00Z
Florida Keys,FKNMS,analysed_sst|1985-04-12 12:00:00,23.66745995819719,analysed_sst,1985-04-12T12:00:00Z
Florida Keys,FKNMS,analysed_sst|1985-04-13 12:00:00,23.87271593769578,analysed_sst,1985-04-13T12:00:00Z
Florida Keys,FKNMS,analysed_sst|1985-04-14 12:00:00,23.885091815726966,analysed_sst,1985-04-14T12:00:00Z
Florida Keys,FKNMS,analysed_sst|1985-04-15 12:00:00,24.12349968128121,analysed_sst,1985-04-15T12:00:00Z
Florida Keys,FKNMS,analysed_sst|1985-04-16 12:00:00,24.432026170129276,analysed_sst,1985-04-16T12:00:00Z
Florida Keys,FKNMS,analysed_sst|1985-04-17 12:00:00,24.320409817718236,analysed_sst,1985-04-17T12:00:00Z
Florida Keys,FKNMS,analysed_sst|1985-04-18 12:00:00,24.306888343461537,analysed_sst,1985-04-18T12:00:00Z
Florida Keys,FKNMS,analysed_sst|1985-04-19 12:00:00,24.380968596539454,analysed_sst,1985-04-19T12:00:00Z
Florida Keys,FKNMS,analysed_sst|1985-04-20 12:00:00,24.634155562066386,analysed_sst,1985-04-20T12:00:00Z
Florida Keys,FKNMS,analysed_sst|1985-04-21 12:00:00,24.75053257234394,analysed_sst,1985-04-21T12:00:00Z
Florida Keys,FKNMS,analysed_sst|1985-04-22 12:00:00,24.746706930182622,analysed_sst,1985-04-22T12:00:00Z
Florida Keys,FKNMS,analysed_sst|1985-04-23 12:00:00,24.643421315945872,analysed_sst,1985-04-23T12:00:00Z
Florida Keys,FKNMS,analysed_sst|1985-04-24 12:00:00,24.909391588048564,analysed_sst,1985-04-24T12:00:00Z
Florida Keys,FKNMS,analysed_sst|1985-04-25 12:00:00,24.89179409136451,analysed_sst,1985-04-25T12:00:00Z
Florida Keys,FKNMS,analysed_sst|1985-04-26 12:00:00,24.709821602030527,analysed_sst,1985-04-26T12:00:00Z
Florida Keys,FKNMS,analysed_sst|1985-04-27 12:00:00,24.816333483117596,analysed_sst,1985-04-27T12:00:00Z
Florida Keys,FKNMS,analysed_sst|1985-04-28 12:00:00,24.86169339019788,analysed_sst,1985-04-28T12:00:00Z
Florida Keys,FKNMS,analysed_sst|1985-12-21 12:00:00,23.94334683935269,analysed_sst,1985-12-21T12:00:00Z
Florida Keys,FKNMS,analysed_sst|1985-12-22 12:00:00,23.811886703809606,analysed_sst,1985-12-22T12:00:00Z
Florida Keys,FKNMS,analysed_sst|1985-12-23 12:00:00,23.952587666746957,analysed_sst,1985-12-23T12:00:00Z
Florida Keys,FKNMS,analysed_sst|1985-12-24 12:00:00,24.029016289747148,analysed_sst,1985-12-24T12:00:00Z
Florida Keys,FKNMS,analysed_sst|1985-12-25 12:00:00,23.576360659251584,analysed_sst,1985-12-25T12:00:00Z
Florida Keys,FKNMS,analysed_sst|1985-12-26 12:00:00,22.840998572302752,analysed_sst,1985-12-26T12:00:00Z
Florida Keys,FKNMS,analysed_sst|1985-12-27 12:00:00,22.938400248643266,analysed_sst,1985-12-27T12:00:00Z
Florida Keys,FKNMS,analysed_sst|1985-12-28 12:00:00,23.08205146772571,analysed_sst,1985-12-28T12:00:00Z
Florida Keys,FKNMS,analysed_sst|1985-12-29 12:00:00,22.828037368459352,analysed_sst,1985-12-29T12:00:00Z
Florida Keys,FKNMS,analysed_sst|1985-12-30 12:00:00,22.77526714365097,analysed_sst,1985-12-30T12:00:00Z
Florida Keys,FKNMS,analysed_sst|1985-12-31 12:00:00,23.013896776489936,analysed_sst,1985-12-31T12:00:00Z
